nearest_sensor,date,neighborhood,complaint_count,mean_distance_m
Albany Park 1,2026-02-01,North Park,1,587.1
Albany Park 1,2026-03-02,North Park,1,725.1
Albany Park 2,2025-09-14,Albany Park,1,454.0
Albany Park 2,2025-10-03,Irving Park,1,613.0
Albany Park 2,2026-02-26,Irving Park,1,984.3
Albany Park 2,2026-03-10,Albany Park,2,688.25
Albany Park 2,2026-05-20,Albany Park,1,553.9
Albany Park 2,2026-06-09,Albany Park,1,755.8
Albany Park 2,2026-07-31,Irving Park,1,632.2
Albany Park 3,2026-03-03,Irving Park,1,723.1
Albany Park 3,2026-05-14,Albany Park,1,294.6
Albany Park 3,2026-06-19,Albany Park,1,660.3
Albany Park 3,2026-07-08,Albany Park,1,766.7
Albany Park 3,2026-07-09,Albany Park,1,752.6
Albany Park 3,2026-07-24,Albany Park,1,752.6
Albany Park 3,2026-07-27,Albany Park,1,745.1
Albany Park 3,2026-08-07,Irving Park,1,703.3
Archer Heights 1,2026-06-18,Garfield Ridge,1,662.0
Archer Heights 2,2025-09-28,Archer Heights,1,805.5
Archer Heights 2,2025-10-30,Archer Heights,1,436.9
Archer Heights 3,2025-09-06,Archer Heights,1,689.2
Archer Heights 3,2025-09-26,West Elsdon,1,760.0
Archer Heights 3,2025-10-30,West Elsdon,2,642.05
Archer Heights 3,2026-03-05,Archer Heights,1,238.1
Archer Heights 3,2026-04-01,Archer Heights,1,806.9
Archer Heights 4,2025-09-02,Archer Heights,1,730.8
Archer Heights 4,2025-09-06,Archer Heights,1,456.2
Archer Heights 4,2025-10-30,Archer Heights,1,748.2
Archer Heights 4,2026-03-06,Archer Heights,1,842.3
Archer Heights 4,2026-06-03,Archer Heights,1,437.8
Archer Heights 4,2026-06-12,Garfield Ridge,1,588.0
Archer Heights 4,2026-07-13,Garfield Ridge,2,584.9
Archer Heights 4,2026-08-03,Garfield Ridge,1,584.9
Armour Square 1,2026-05-12,Lower West Side,1,672.6
Armour Square 1,2026-08-10,Chinatown,1,298.4
Armour Square 2,2025-11-05,Bridgeport,1,300.5
Armour Square 2,2026-04-25,Bridgeport,1,863.2
Armour Square 2,2026-04-30,Bridgeport,1,402.4
Armour Square 2,2026-06-08,Bridgeport,1,848.6
Armour Square 2,2026-06-23,Bridgeport,1,460.6
Armour Square 3,2026-03-27,Bridgeport,1,527.8
Armour Square 3,2026-05-07,Bridgeport,1,655.5
Armour Square 3,2026-05-22,Bridgeport,1,469.5
Armour Square 3,2026-05-27,Bridgeport,3,472.1333333333334
Armour Square 3,2026-06-16,Bridgeport,1,469.9
Armour Square 3,2026-07-16,Bridgeport,1,426.9
Ashburn 2,2026-02-11,Ashburn,1,321.8
Ashburn 2,2026-02-19,Ashburn,1,311.8
Ashburn 3,2026-02-03,Ashburn,1,113.4
Ashburn 3,2026-04-17,Ashburn,1,249.3
Ashburn 3,2026-07-17,Ashburn,1,685.5
Ashburn 4,2025-10-01,Ashburn,1,504.1
Ashburn 4,2026-03-18,Ashburn,1,684.5
Ashburn 6,2026-04-21,Ashburn,1,466.9
Ashburn 6,2026-04-23,Ashburn,1,466.9
Auburn Gresham 1,2025-09-02,Auburn Gresham,1,146.6
Auburn Gresham 2,2026-02-18,Auburn Gresham,1,829.1
Auburn Gresham 4,2026-03-04,Auburn Gresham,1,448.9
Auburn Gresham 5,2025-09-02,Auburn Gresham,1,302.0
Auburn Gresham 5,2026-02-09,Auburn Gresham,1,493.1
Auburn Gresham 5,2026-03-18,Auburn Gresham,1,772.1
Austin 1,2026-05-05,Austin,1,716.8
Austin 1,2026-05-22,Austin,1,519.6
Austin 1,2026-05-22,Galewood,1,537.1
Austin 1,2026-05-26,Galewood,1,537.1
Austin 1,2026-08-12,Belmont Cragin,1,473.0
Austin 2,2025-11-20,Austin,1,633.1
Austin 2,2026-04-01,Austin,1,572.2
Austin 2,2026-04-10,Austin,1,572.2
Austin 2,2026-07-25,Austin,1,731.4
Austin 3,2025-09-12,Austin,1,613.6
Austin 3,2025-10-21,Austin,1,685.1
Austin 3,2026-05-04,Austin,1,615.3
Austin 4,2025-09-22,Austin,1,538.2
Austin 4,2025-10-29,Austin,1,625.4
Austin 4,2025-11-17,Austin,1,828.1
Austin 4,2026-03-03,Austin,1,401.0
Austin 4,2026-08-17,Austin,1,517.5
Austin 9,2025-10-07,Austin,1,297.4
Austin 9,2026-01-20,Austin,1,135.0
Austin 9,2026-06-25,Austin,1,480.7
Avalon Park 1,2025-10-30,Avalon Park,1,589.7
Avalon Park 1,2025-11-19,South Shore,1,421.4
Avalon Park 1,2026-04-09,South Chicago,1,782.9
Avalon Park 2,2026-05-12,South Chicago,1,496.7
Avalon Park 2,2026-07-01,Avalon Park,1,749.5
Avalon Park 3,2025-11-06,Calumet Heights,1,531.3
Avalon Park 3,2026-04-17,Calumet Heights,1,626.4
Avalon Park 3,2026-04-21,Avalon Park,1,688.5
Avalon Park 3,2026-04-27,Avalon Park,1,323.9
Avalon Park 3,2026-07-16,Calumet Heights,1,601.8
Avondale 1,2026-03-08,Avondale,2,423.05
Avondale 1,2026-03-10,Avondale,1,389.0
Avondale 1,2026-04-13,Avondale,1,440.7
Avondale 2,2025-12-21,Avondale,1,1168.6
Avondale 2,2026-03-10,Avondale,1,739.1
Avondale 2,2026-03-19,North Center,1,289.8
Avondale 2,2026-04-07,Avondale,1,627.0
Avondale 2,2026-05-11,North Center,2,289.8
Avondale 2,2026-06-08,North Center,1,587.6
Avondale 2,2026-06-18,Avondale,1,125.2
Avondale 2,2026-07-09,North Center,1,397.3
Belmont Cragin 1,2025-09-25,Belmont Cragin,1,319.2
Belmont Cragin 1,2025-12-22,Belmont Cragin,2,230.0
Belmont Cragin 1,2026-03-13,Belmont Cragin,1,709.7
Belmont Cragin 1,2026-08-18,Belmont Cragin,1,790.4
Belmont Cragin 2,2025-09-23,Belmont Cragin,1,971.9
Belmont Cragin 2,2025-09-27,Portage Park,1,760.8
Belmont Cragin 2,2025-10-28,Belmont Cragin,1,280.4
Belmont Cragin 2,2026-01-05,Belmont Cragin,1,280.4
Belmont Cragin 2,2026-03-04,Belmont Cragin,1,371.0
Belmont Cragin 2,2026-03-23,Belmont Cragin,1,1078.2
Belmont Cragin 2,2026-06-06,Portage Park,1,383.3
Belmont Cragin 2,2026-07-03,Belmont Cragin,1,280.4
Belmont Cragin 2,2026-08-07,Portage Park,1,383.3
Belmont Cragin 2,2026-08-16,Belmont Cragin,1,280.4
Belmont Cragin 3,2025-09-19,Belmont Cragin,1,822.9
Belmont Cragin 3,2025-09-24,Belmont Cragin,1,720.4
Belmont Cragin 3,2026-05-27,Belmont Cragin,1,354.3
Belmont Cragin 3,2026-07-02,Belmont Cragin,1,130.7
Belmont Cragin 3,2026-08-11,Belmont Cragin,1,694.8
Beverly 2,2025-09-02,Beverly,1,725.5
Beverly 2,2025-09-09,Beverly,1,725.5
Beverly 2,2025-09-10,Beverly,1,725.5
Beverly 2,2025-09-25,Beverly,1,725.5
Beverly 2,2025-09-29,Beverly,1,725.5
Beverly 2,2026-03-05,Beverly,1,239.6
Beverly 2,2026-03-06,Beverly,1,414.1
Beverly 2,2026-03-19,Beverly,1,400.8
Beverly 2,2026-04-15,Beverly,1,404.5
Beverly 2,2026-04-17,Beverly,1,13.6
Beverly 2,2026-04-26,Beverly,1,400.8
Beverly 2,2026-05-26,Beverly,1,400.8
Beverly 3,2026-05-21,Beverly,1,438.7
Beverly 4,2026-03-06,Beverly,1,616.0
Beverly 4,2026-03-19,Beverly,1,616.0
Beverly 4,2026-04-17,Beverly,1,431.7
Beverly 5,2026-07-08,Beverly,1,1037.7
Bridgeport 1,2026-01-15,Bridgeport,1,260.6
Bridgeport 1,2026-01-22,Bridgeport,1,814.8
Bridgeport 1,2026-01-23,Bridgeport,1,867.7
Bridgeport 1,2026-02-09,Bridgeport,1,81.2
Bridgeport 1,2026-07-14,Bridgeport,1,816.4
Bridgeport 2,2026-01-16,New City,1,702.9
Bridgeport 2,2026-01-27,Bridgeport,1,506.0
Bridgeport 2,2026-05-15,Bridgeport,1,402.8
Bridgeport 2,2026-07-17,Mckinley Park,1,620.2
Brighton Park 1,2025-10-13,Brighton Park,1,669.5
Brighton Park 1,2025-10-26,Brighton Park,1,593.4
Brighton Park 1,2026-05-22,Brighton Park,1,281.0
Brighton Park 2,2025-11-17,Brighton Park,1,522.4
Brighton Park 2,2026-02-09,New City,1,467.4
Brighton Park 2,2026-05-22,New City,1,552.7
Brighton Park 2,2026-06-03,New City,1,200.3
Brighton Park 2,2026-07-07,Brighton Park,1,705.5
Brighton Park 3,2025-09-04,Brighton Park,1,840.6
Brighton Park 3,2025-10-19,Brighton Park,1,383.5
Brighton Park 3,2026-05-12,Brighton Park,1,906.6
Brighton Park 3,2026-06-19,Brighton Park,1,405.7
Brighton Park 3,2026-07-13,Brighton Park,1,371.6
Brighton Park 3,2026-07-16,Brighton Park,1,371.6
Burnside 1,2026-07-17,Roseland,1,604.4
Calumet Heights 2,2025-10-17,Calumet Heights,1,578.1
Calumet Heights 2,2025-12-08,South Deering,1,633.4
Calumet Heights 2,2026-02-19,South Deering,1,605.9
Calumet Heights 2,2026-05-25,South Deering,1,633.4
Calumet Heights 3,2025-09-17,South Deering,1,376.6
Calumet Heights 3,2025-11-06,Calumet Heights,1,197.5
Calumet Heights 3,2026-02-24,South Deering,1,599.1
Calumet Heights 3,2026-02-27,South Deering,1,599.1
Calumet Heights 3,2026-03-30,South Deering,5,565.46
Calumet Heights 3,2026-03-31,South Deering,1,509.4
Calumet Heights 3,2026-04-08,South Deering,1,515.7
Calumet Heights 3,2026-04-14,South Deering,1,582.6
Calumet Heights 3,2026-04-15,South Deering,1,579.3
Calumet Heights 3,2026-04-17,Calumet Heights,1,470.5
Calumet Heights 3,2026-04-17,South Deering,1,515.7
Calumet Heights 3,2026-04-23,South Deering,1,378.2
Calumet Heights 3,2026-05-12,South Chicago,1,569.1
Calumet Heights 3,2026-05-15,South Deering,1,599.1
Calumet Heights 3,2026-06-05,South Deering,1,599.1
Calumet Heights 3,2026-06-16,South Deering,1,527.2
Calumet Heights 3,2026-07-31,South Chicago,1,503.6
Chatham 1,2025-09-18,Chatham,1,348.2
Chatham 1,2025-09-19,Chatham,1,436.8
Chatham 1,2025-09-29,Chatham,1,436.8
Chatham 1,2025-10-03,Chatham,1,386.3
Chatham 1,2025-10-22,Chatham,1,436.8
Chatham 1,2026-05-11,Chatham,1,667.7
Chatham 1,2026-07-24,Chatham,1,631.1
Chicago Lawn 1,2025-09-02,Chicago Lawn,1,654.9
Chicago Lawn 1,2025-10-30,Chicago Lawn,1,581.3
Chicago Lawn 1,2026-04-27,Chicago Lawn,1,612.4
Chicago Lawn 1,2026-05-16,Chicago Lawn,1,755.6
Chicago Lawn 1,2026-07-20,Chicago Lawn,2,162.8
Chicago Lawn 2,2025-09-02,Chicago Lawn,1,656.2
Chicago Lawn 2,2025-10-30,Chicago Lawn,1,471.8
Chicago Lawn 2,2026-07-06,Chicago Lawn,2,626.1500000000001
Chicago Lawn 3,2026-07-13,Chicago Lawn,1,820.2
Clearing 2,2025-09-01,Clearing,1,703.3
Clearing 2,2026-03-30,Clearing,2,344.0
Douglas 1,2025-12-16,Douglas,1,711.3
Douglas 1,2026-06-10,Near South Side,1,608.3
Douglas 1,2026-08-18,Douglas,1,558.4
Douglas 2,2025-09-15,Douglas,1,735.9
Dunning 2,2025-09-03,Dunning,1,1109.8
Dunning 3,2026-03-01,Dunning,1,493.1
Dunning 4,2025-09-03,Dunning,1,390.2
Dunning 4,2026-08-02,Portage Park,1,641.8
East Garfield Park 1,2026-07-28,Garfield Park,1,463.1
East Garfield Park 2,2026-02-24,Garfield Park,1,130.1
East Side 2,2026-01-06,East Side,1,563.4
East Side 2,2026-01-08,East Side,1,413.3
East Side 2,2026-02-07,East Side,1,311.6
East Side 2,2026-02-10,East Side,1,311.6
East Side 2,2026-04-02,East Side,1,311.6
East Side 2,2026-05-18,East Side,1,311.6
East Side 2,2026-07-15,East Side,1,311.6
East Side 3,2025-09-03,East Side,1,413.9
East Side 3,2025-09-28,East Side,1,689.1
East Side 3,2025-10-09,East Side,1,562.3
East Side 3,2025-12-15,East Side,1,559.3
East Side 3,2026-02-28,East Side,1,596.9
East Side 3,2026-03-10,East Side,1,310.9
East Side 3,2026-04-15,East Side,1,660.5
East Side 3,2026-04-16,East Side,1,670.7
East Side 3,2026-04-21,East Side,1,517.4
East Side 3,2026-04-22,East Side,1,484.5
East Side 3,2026-04-23,East Side,1,559.3
East Side 3,2026-06-05,East Side,1,252.1
East Side 3,2026-07-01,East Side,1,523.0
East Side 4,2025-12-11,East Side,1,670.7
East Side 4,2026-04-16,East Side,1,700.4
East Side 4,2026-04-22,East Side,1,347.7
East Side 4,2026-04-22,Hegewisch,1,344.9
East Side 4,2026-05-29,East Side,1,306.0
East Side 4,2026-05-31,East Side,1,694.0
Edgewater 1,2025-09-05,Edgewater,1,631.1
Edgewater 1,2025-09-10,Edgewater,1,541.3
Edgewater 1,2025-09-17,Edgewater,2,460.6
Edgewater 1,2025-10-16,Edgewater,1,460.6
Edgewater 1,2025-12-28,Edgewater,1,609.9
Edgewater 1,2026-02-26,Edgewater,2,918.4
Edgewater 1,2026-03-17,Edgewater,1,708.8
Edgewater 1,2026-03-23,West Ridge,1,714.3
Edgewater 1,2026-03-31,Edgewater,1,523.5
Edgewater 1,2026-04-12,Edgewater,1,244.8
Edgewater 1,2026-04-14,Edgewater,1,720.6
Edgewater 1,2026-08-07,Edgewater,1,413.4
Edgewater 1,2026-08-10,West Ridge,1,660.8
Edgewater 2,2025-10-01,Edgewater,1,738.6
Edgewater 2,2025-10-13,Edgewater,1,556.2
Edgewater 2,2026-02-19,Edgewater,1,816.4
Edgewater 2,2026-02-23,Edgewater,1,816.4
Edgewater 2,2026-02-26,Edgewater,1,788.7
Edgewater 2,2026-02-27,Edgewater,1,1244.7
Edgewater 2,2026-03-14,Edgewater,1,806.3
Edgewater 2,2026-04-02,Edgewater,1,778.0
Edgewater 2,2026-04-07,Edgewater,1,191.7
Edgewater 2,2026-04-12,Edgewater,1,493.1
Edgewater 2,2026-04-16,Edgewater,1,902.0
Edgewater 2,2026-05-29,Edgewater,1,288.4
Edgewater 2,2026-06-15,Edgewater,1,493.1
Edgewater 2,2026-08-09,Edgewater,1,791.9
Edison Park 1,2025-11-14,Edison Park,1,543.2
Edison Park 1,2026-04-09,Edison Park,1,816.1
Edison Park 2,2025-10-09,Edison Park,1,353.5
Englewood 1,2026-01-19,Englewood,1,614.8
Englewood 1,2026-07-23,Englewood,1,535.3
Englewood 3,2026-04-10,Englewood,1,359.0
Englewood 3,2026-04-12,Englewood,2,359.0
Englewood 3,2026-04-15,Englewood,1,361.2
Englewood 5,2026-05-07,Englewood,1,621.1
Englewood 5,2026-07-16,Englewood,1,361.9
Englewood 5,2026-08-16,Englewood,1,648.7
Englewood 6,2026-02-03,Englewood,2,369.9
Forest Glen 1,2025-09-27,"Sauganash,Forest Glen",1,891.7
Forest Glen 3,2026-03-01,"Sauganash,Forest Glen",1,452.0
Fuller Park 1,2026-05-21,Fuller Park,1,646.0
Gage Park 1,2025-09-05,Brighton Park,1,737.1
Gage Park 1,2025-10-13,Brighton Park,1,437.8
Gage Park 1,2025-10-30,Gage Park,2,683.45
Gage Park 1,2025-11-21,Brighton Park,3,606.6333333333333
Gage Park 1,2026-05-26,Brighton Park,1,308.5
Gage Park 2,2026-02-26,New City,1,768.0
Gage Park 2,2026-05-11,Brighton Park,1,668.2
Gage Park 3,2025-09-02,Chicago Lawn,1,945.4
Gage Park 3,2025-09-02,Gage Park,1,849.8
Gage Park 3,2026-02-28,Gage Park,1,733.1
Gage Park 3,2026-03-02,Gage Park,1,733.1
Gage Park 3,2026-03-31,Gage Park,1,722.6
Gage Park 3,2026-04-19,Gage Park,1,733.1
Gage Park 3,2026-06-05,Chicago Lawn,1,647.6
Gage Park 3,2026-07-18,Gage Park,1,171.7
Gage Park 4,2025-10-30,Gage Park,3,681.2666666666667
Gage Park 4,2026-04-28,Gage Park,1,669.9
Garfield Ridge 1,2025-09-09,Garfield Ridge,1,400.2
Garfield Ridge 1,2025-09-17,Garfield Ridge,2,528.2
Garfield Ridge 1,2025-10-30,Garfield Ridge,1,1308.9
Garfield Ridge 1,2026-07-24,Garfield Ridge,1,1213.1
Garfield Ridge 2,2025-09-23,Garfield Ridge,1,790.4
Garfield Ridge 2,2026-05-28,Garfield Ridge,1,1073.5
Garfield Ridge 3,2025-10-22,Clearing,1,642.6
Garfield Ridge 3,2026-03-05,Garfield Ridge,1,177.6
Garfield Ridge 3,2026-04-15,Garfield Ridge,1,443.1
Garfield Ridge 4,2025-09-28,Garfield Ridge,1,335.4
Grand Boulevard 1,2026-02-15,Grand Boulevard,1,645.1
Grand Boulevard 1,2026-07-09,Grand Boulevard,1,457.3
Grand Boulevard 2,2025-11-09,Grand Boulevard,1,832.4
Grand Boulevard 2,2026-05-06,Grand Boulevard,1,592.8
Greater Grand Crossing 2,2025-10-30,Grand Crossing,2,321.5
Greater Grand Crossing 2,2026-07-30,Grand Crossing,1,708.4
Greater Grand Crossing 3,2025-09-13,Grand Crossing,1,650.2
Greater Grand Crossing 4,2025-10-10,Avalon Park,1,678.8
Greater Grand Crossing 4,2025-10-13,Chatham,1,501.7
Greater Grand Crossing 5,2025-10-03,Chatham,1,195.3
Greater Grand Crossing 5,2025-11-20,Chatham,1,869.3
Greater Grand Crossing 6,2025-09-17,Chatham,1,337.3
Greater Grand Crossing 6,2025-09-23,Chatham,1,340.1
Greater Grand Crossing 6,2025-09-25,Chatham,1,635.4
Greater Grand Crossing 6,2025-10-16,Chatham,1,541.1
Greater Grand Crossing 6,2025-11-05,Auburn Gresham,1,706.1
Hegewisch 2,2025-10-09,Hegewisch,1,816.2
Hegewisch 4,2026-06-04,Hegewisch,1,631.0
Hegewisch 6,2026-04-17,Hegewisch,1,304.4
Hegewisch 6,2026-04-18,Hegewisch,1,574.3
Hermosa 1,2025-09-21,Hermosa,1,324.3
Hermosa 1,2025-10-01,Hermosa,1,198.9
Hermosa 1,2026-01-15,Avondale,1,818.0
Hermosa 1,2026-02-19,Hermosa,1,481.9
Hermosa 1,2026-07-13,Hermosa,1,661.2
Hermosa 2,2025-09-11,Hermosa,1,484.3
Hermosa 2,2025-09-24,Hermosa,1,260.4
Hermosa 2,2025-12-16,Hermosa,1,512.8
Hermosa 2,2026-06-24,Hermosa,1,92.3
Humboldt Park 1,2026-03-19,Humboldt Park,1,424.6
Humboldt Park 1,2026-03-20,Humboldt Park,1,605.6
Humboldt Park 2,2025-09-15,Humboldt Park,1,691.4
Humboldt Park 2,2026-02-20,Humboldt Park,1,775.5
Humboldt Park 2,2026-06-16,Humboldt Park,1,688.3
Humboldt Park 3,2025-09-25,Humboldt Park,1,139.5
Humboldt Park 3,2025-10-07,Humboldt Park,1,139.5
Humboldt Park 3,2025-10-13,Humboldt Park,1,139.5
Humboldt Park 3,2025-10-14,Humboldt Park,1,526.5
Humboldt Park 3,2025-10-17,Garfield Park,1,802.0
Humboldt Park 3,2025-10-29,Humboldt Park,1,524.8
Humboldt Park 3,2025-11-24,Humboldt Park,2,171.9
Humboldt Park 3,2026-03-03,Humboldt Park,1,434.4
Humboldt Park 3,2026-04-13,Humboldt Park,1,139.5
Humboldt Park 3,2026-05-14,Garfield Park,1,666.5
Humboldt Park 3,2026-06-11,Humboldt Park,1,305.1
Humboldt Park 3,2026-07-17,Garfield Park,1,666.5
Humboldt Park 3,2026-08-06,Garfield Park,1,723.6
Humboldt Park 4,2025-10-29,Humboldt Park,1,416.1
Humboldt Park 4,2025-10-30,Garfield Park,1,688.8
Humboldt Park 4,2025-12-18,Garfield Park,1,573.6
Humboldt Park 4,2026-06-20,Humboldt Park,1,678.6
Humboldt Park 4,2026-07-29,Garfield Park,1,688.8
Humboldt Park 5,2025-10-30,Garfield Park,1,540.0
Humboldt Park 5,2026-04-29,Austin,1,855.3
Humboldt Park 5,2026-06-12,Humboldt Park,1,608.7
Humboldt Park 5,2026-07-23,Garfield Park,1,540.0
Hyde Park 1,2026-06-11,Kenwood,1,662.5
Hyde Park 1,2026-07-24,Kenwood,1,569.6
Hyde Park 2,2025-11-07,Kenwood,1,622.3
Hyde Park 2,2026-03-24,Hyde Park,1,571.4
Hyde Park 2,2026-07-10,Hyde Park,1,743.2
Hyde Park 2,2026-07-20,Hyde Park,1,678.4
Hyde Park 2,2026-08-10,Hyde Park,1,571.4
Hyde Park 3,2025-10-26,Woodlawn,1,441.8
Hyde Park 3,2026-06-09,Jackson Park,1,615.0
Hyde Park 4,2025-09-06,Hyde Park,1,393.8
Hyde Park 4,2025-09-18,Woodlawn,1,900.5
Hyde Park 4,2026-02-25,Hyde Park,1,315.4
Irving Park 1,2025-09-08,Irving Park,1,281.2
Irving Park 1,2025-09-30,Portage Park,1,346.3
Irving Park 1,2025-10-27,Portage Park,1,396.4
Irving Park 1,2025-11-13,Portage Park,1,426.3
Irving Park 1,2026-01-18,Albany Park,1,772.1
Irving Park 1,2026-05-30,Irving Park,1,209.1
Irving Park 1,2026-05-31,Irving Park,1,390.3
Irving Park 1,2026-06-05,Irving Park,1,819.5
Irving Park 1,2026-07-17,Irving Park,1,703.8
Irving Park 2,2025-10-16,Irving Park,1,457.8
Irving Park 2,2026-02-01,Avondale,3,714.6333333333333
Irving Park 2,2026-05-22,Irving Park,1,429.1
Irving Park 2,2026-08-07,Irving Park,1,880.7
Irving Park 3,2026-01-20,Irving Park,1,367.5
Irving Park 3,2026-02-18,Irving Park,1,325.9
Irving Park 4,2025-09-18,Irving Park,1,429.1
Irving Park 4,2026-01-15,Avondale,2,745.7
Irving Park 4,2026-04-03,Irving Park,2,439.04999999999995
Jefferson Park 1,2026-05-30,Jefferson Park,1,815.4
Jefferson Park 2,2025-09-17,"Sauganash,Forest Glen",1,652.7
Jefferson Park 2,2026-05-23,Jefferson Park,1,724.7
Jefferson Park 3,2026-06-29,Jefferson Park,1,867.1
Lake View 1,2025-09-05,North Center,1,1020.6
Lake View 1,2025-10-13,North Center,1,811.7
Lake View 1,2026-02-11,North Center,1,811.6
Lake View 1,2026-02-26,Lake View,1,709.6
Lake View 1,2026-02-26,Wrigleyville,1,758.2
Lake View 1,2026-04-09,North Center,1,692.7
Lake View 1,2026-06-14,Lake View,1,244.8
Lake View 1,2026-06-23,Lake View,1,880.8
Lake View 1,2026-07-23,Lake View,1,752.6
Lake View 2,2025-11-20,Wrigleyville,1,463.0
Lake View 2,2026-02-09,Wrigleyville,1,347.9
Lake View 2,2026-03-21,Wrigleyville,1,724.6
Lake View 2,2026-03-30,Lake View,1,357.5
Lake View 2,2026-06-05,Wrigleyville,1,302.0
Lake View 2,2026-06-16,Lake View,1,457.3
Lake View 3,2025-10-03,Lincoln Park,1,678.9
Lake View 3,2026-02-26,Lake View,1,389.3
Lake View 3,2026-03-27,Lake View,1,711.5
Lake View 3,2026-04-10,Lake View,1,668.7
Lake View 3,2026-05-20,Lake View,1,691.8
Lake View 3,2026-05-25,Lake View,1,320.8
Lake View 3,2026-06-12,Lake View,1,691.8
Lake View 4,2025-09-25,Lake View,1,596.0
Lake View 4,2025-10-23,Lincoln Park,1,477.2
Lake View 4,2025-12-22,Sheffield & DePaul,1,664.2
Lake View 4,2026-02-06,Lake View,1,269.1
Lake View 4,2026-02-25,Lake View,1,269.1
Lake View 4,2026-02-26,Lake View,1,699.8
Lake View 4,2026-03-31,Sheffield & DePaul,1,622.0
Lake View 4,2026-04-10,Lake View,1,590.7
Lake View 4,2026-05-17,Lake View,1,87.2
Lake View 4,2026-06-27,Lake View,1,571.6
Lake View 4,2026-07-21,Lake View,1,682.1
Lincoln Park 1,2025-09-09,Lincoln Park,1,567.7
Lincoln Park 1,2025-09-19,Lincoln Park,1,846.7
Lincoln Park 1,2026-04-19,Lincoln Park,1,578.2
Lincoln Park 2,2025-09-03,Lincoln Park,1,737.1
Lincoln Park 2,2025-09-04,Old Town,1,585.8
Lincoln Park 2,2025-09-07,Old Town,1,585.8
Lincoln Park 2,2025-09-08,Old Town,1,585.8
Lincoln Park 2,2025-10-16,Old Town,1,607.4
Lincoln Park 2,2026-01-12,Lincoln Park,1,536.9
Lincoln Park 2,2026-04-09,Old Town,1,399.1
Lincoln Park 2,2026-04-29,Lincoln Park,1,742.2
Lincoln Park 2,2026-07-05,Lincoln Park,2,322.6
Lincoln Square 1,2025-09-15,Lincoln Square,1,336.0
Lincoln Square 1,2025-09-18,Lincoln Square,1,540.8
Lincoln Square 1,2025-10-14,Lincoln Square,1,225.3
Lincoln Square 1,2025-10-16,Lincoln Square,1,691.7
Lincoln Square 1,2026-02-26,Lincoln Square,1,626.6
Lincoln Square 1,2026-03-10,Lincoln Square,1,225.3
Lincoln Square 1,2026-04-21,Lincoln Square,1,629.1
Lincoln Square 1,2026-05-25,Lincoln Square,2,230.2
Lincoln Square 1,2026-07-16,Lincoln Square,1,238.6
Lincoln Square 1,2026-07-17,Lincoln Square,1,238.6
Lincoln Square 2,2025-10-24,Lincoln Square,1,835.6
Lincoln Square 2,2026-02-26,North Center,1,595.3
Lincoln Square 2,2026-03-06,Lincoln Square,1,293.7
Lincoln Square 2,2026-04-23,Lincoln Square,1,867.4
Lincoln Square 2,2026-04-30,Lincoln Square,1,867.4
Lincoln Square 2,2026-05-20,Lincoln Square,1,867.4
Lincoln Square 2,2026-05-23,Lincoln Square,1,867.4
Lincoln Square 2,2026-06-22,Lincoln Square,1,863.4
Lincoln Square 2,2026-08-13,North Center,1,416.3
Logan Square 1,2025-10-03,Avondale,1,602.8
Logan Square 1,2025-10-16,Logan Square,4,897.5
Logan Square 1,2025-11-05,Logan Square,1,471.5
Logan Square 1,2026-01-15,Avondale,2,721.1
Logan Square 1,2026-01-16,Avondale,1,721.1
Logan Square 1,2026-02-08,Logan Square,1,640.5
Logan Square 1,2026-02-26,Logan Square,1,1226.0
Logan Square 1,2026-04-26,Hermosa,1,875.6
Logan Square 1,2026-06-24,Avondale,1,851.7
Logan Square 1,2026-06-25,Avondale,1,637.0
Logan Square 2,2025-12-17,Lincoln Park,1,515.1
Logan Square 2,2026-05-02,Bucktown,1,885.0
Logan Square 2,2026-05-30,Bucktown,1,583.8
Logan Square 2,2026-06-03,Bucktown,1,583.8
Logan Square 2,2026-07-01,Bucktown,1,664.9
Logan Square 3,2025-09-10,Logan Square,1,431.4
Logan Square 3,2025-09-12,Logan Square,1,1072.9
Logan Square 3,2025-09-17,Logan Square,1,1045.6
Logan Square 3,2025-09-20,Bucktown,1,334.5
Logan Square 3,2025-10-16,Logan Square,1,869.8
Logan Square 3,2025-11-14,Logan Square,1,600.4
Logan Square 3,2025-11-21,Logan Square,1,196.2
Logan Square 3,2025-12-20,Logan Square,1,720.7
Logan Square 3,2026-06-23,Logan Square,1,578.3
Logan Square 4,2025-09-16,Humboldt Park,1,342.1
Logan Square 4,2025-10-16,Logan Square,1,585.6
Logan Square 4,2025-10-22,Logan Square,2,1221.4
Logan Square 4,2025-11-03,Humboldt Park,1,580.4
Logan Square 4,2025-11-22,Logan Square,1,1064.2
Logan Square 4,2026-02-06,Logan Square,2,331.5
Logan Square 4,2026-02-16,Logan Square,1,1110.5
Logan Square 4,2026-03-10,Logan Square,1,331.5
Logan Square 4,2026-03-20,Logan Square,1,331.5
Logan Square 4,2026-03-26,Humboldt Park,1,713.8
Logan Square 4,2026-04-22,Humboldt Park,1,684.7
Logan Square 4,2026-04-23,Logan Square,1,646.0
Logan Square 4,2026-06-17,Logan Square,1,730.7
Logan Square 4,2026-06-20,Logan Square,1,211.6
Logan Square 4,2026-06-22,Logan Square,2,263.7
Logan Square 4,2026-06-25,Humboldt Park,1,290.1
Logan Square 4,2026-06-25,Logan Square,1,184.7
Logan Square 4,2026-07-08,Logan Square,1,263.7
Logan Square 4,2026-07-21,Humboldt Park,1,316.7
Logan Square 4,2026-07-21,Logan Square,1,162.8
Loop 1,2025-09-27,West Loop,1,703.4
Loop 1,2025-09-30,Loop,1,404.2
Loop 1,2025-10-08,Loop,1,861.0
Loop 1,2026-02-08,West Loop,1,664.1
Loop 1,2026-05-12,Loop,1,772.6
Loop 1,2026-08-09,Loop,1,867.1
Loop 2,2025-09-03,Loop,1,620.5
Loop 2,2025-09-27,Loop,2,861.2
Loop 2,2025-10-07,Grant Park,1,429.9
Loop 2,2025-11-20,Loop,1,761.3
Loop 2,2026-02-10,Loop,1,976.9
Loop 2,2026-03-02,Loop,1,771.0
Loop 2,2026-06-03,Loop,1,854.2
Loop 2,2026-07-20,Millenium Park,1,465.3
Lower West Side 1,2025-09-10,Lower West Side,1,375.5
Lower West Side 1,2025-10-15,Lower West Side,1,889.2
Lower West Side 1,2026-03-10,North Lawndale,1,863.4
Lower West Side 1,2026-05-04,Lower West Side,1,535.5
Lower West Side 1,2026-05-14,Lower West Side,1,698.8
Lower West Side 1,2026-06-21,Little Village,1,357.1
Lower West Side 1,2026-06-26,Little Village,1,818.9
Lower West Side 1,2026-06-29,Lower West Side,1,236.3
Lower West Side 1,2026-08-06,Lower West Side,1,236.3
Lower West Side 2,2025-09-06,Lower West Side,1,832.1
Lower West Side 2,2025-09-28,Lower West Side,2,668.1
Lower West Side 2,2025-10-01,Lower West Side,1,856.8
Lower West Side 2,2025-10-23,Lower West Side,1,632.4
Lower West Side 2,2026-01-09,Lower West Side,1,648.3
Lower West Side 2,2026-01-12,Lower West Side,1,629.7
Lower West Side 2,2026-05-17,Lower West Side,1,773.8
Lower West Side 2,2026-06-04,Lower West Side,1,843.7
Lower West Side 2,2026-06-09,Lower West Side,1,254.0
Lower West Side 3,2025-09-12,Lower West Side,1,198.2
Lower West Side 3,2025-11-06,Lower West Side,1,790.7
Lower West Side 3,2025-11-25,Lower West Side,1,790.7
Lower West Side 3,2025-12-03,Lower West Side,1,790.7
Lower West Side 3,2025-12-12,Lower West Side,1,790.7
Lower West Side 3,2026-02-25,Lower West Side,1,779.4
Lower West Side 3,2026-03-12,Lower West Side,1,790.7
Lower West Side 4,2025-09-18,Lower West Side,1,574.8
Lower West Side 4,2025-09-19,Lower West Side,3,499.3999999999999
Lower West Side 4,2025-09-23,Bridgeport,1,707.1
Lower West Side 4,2025-11-20,Bridgeport,1,778.4
Lower West Side 4,2026-01-22,Bridgeport,1,628.9
Lower West Side 5,2025-09-10,Mckinley Park,1,833.7
Lower West Side 5,2026-06-26,Little Village,1,848.4
Mayfair Collocation 1,2026-05-19,Portage Park,1,464.9
McKinley Park 1,2025-09-03,Brighton Park,1,416.4
McKinley Park 1,2025-10-10,New City,1,801.0
McKinley Park 1,2025-10-13,Mckinley Park,1,682.6
McKinley Park 1,2026-01-27,Brighton Park,1,852.2
McKinley Park 1,2026-04-24,Mckinley Park,1,673.0
McKinley Park 1,2026-05-12,Mckinley Park,1,605.7
McKinley Park 1,2026-05-14,Mckinley Park,1,673.0
McKinley Park 1,2026-05-18,Mckinley Park,1,673.0
McKinley Park 1,2026-05-26,Mckinley Park,1,444.3
McKinley Park 1,2026-06-03,Mckinley Park,2,568.75
McKinley Park 1,2026-06-05,Brighton Park,1,533.2
McKinley Park 1,2026-06-13,Brighton Park,2,481.20000000000005
McKinley Park 1,2026-07-07,Mckinley Park,1,673.0
McKinley Park 1,2026-07-20,New City,1,793.6
McKinley Park 2,2025-09-03,Mckinley Park,1,396.2
McKinley Park 2,2025-09-08,New City,2,815.1
McKinley Park 2,2025-09-09,New City,3,815.1
McKinley Park 2,2025-09-10,New City,2,815.1
McKinley Park 2,2025-09-18,New City,3,800.6
McKinley Park 2,2025-09-19,New City,1,815.1
McKinley Park 2,2025-09-20,New City,1,815.1
McKinley Park 2,2025-09-22,Mckinley Park,2,374.1
McKinley Park 2,2025-09-22,New City,1,815.1
McKinley Park 2,2025-09-23,Mckinley Park,1,639.5
McKinley Park 2,2025-09-26,Mckinley Park,3,533.2333333333333
McKinley Park 2,2025-10-01,Mckinley Park,1,248.9
McKinley Park 2,2025-10-02,Mckinley Park,1,248.9
McKinley Park 2,2025-10-02,New City,1,815.1
McKinley Park 2,2025-10-03,Mckinley Park,1,405.2
McKinley Park 2,2025-10-03,New City,2,815.1
McKinley Park 2,2025-10-06,Mckinley Park,1,341.1
McKinley Park 2,2025-10-06,New City,1,815.1
McKinley Park 2,2025-10-09,New City,1,815.1
McKinley Park 2,2025-10-10,Mckinley Park,1,332.1
McKinley Park 2,2025-10-10,New City,1,815.1
McKinley Park 2,2025-10-13,Mckinley Park,3,415.1666666666667
McKinley Park 2,2025-10-15,Mckinley Park,1,396.3
McKinley Park 2,2025-10-17,Mckinley Park,2,570.15
McKinley Park 2,2025-10-20,New City,1,815.1
McKinley Park 2,2025-10-27,Mckinley Park,1,245.5
McKinley Park 2,2025-11-04,Mckinley Park,2,493.05
McKinley Park 2,2025-11-04,New City,2,815.1
McKinley Park 2,2025-11-05,Mckinley Park,1,390.7
McKinley Park 2,2025-11-06,Mckinley Park,1,685.8
McKinley Park 2,2025-11-13,New City,1,815.1
McKinley Park 2,2025-11-14,Mckinley Park,1,453.3
McKinley Park 2,2025-11-24,New City,1,815.1
McKinley Park 2,2025-11-28,Mckinley Park,1,392.3
McKinley Park 2,2025-12-08,New City,1,815.1
McKinley Park 2,2026-02-17,Mckinley Park,1,625.4
McKinley Park 2,2026-04-13,Mckinley Park,1,385.1
McKinley Park 2,2026-04-14,Mckinley Park,1,390.7
McKinley Park 2,2026-04-14,New City,2,815.1
McKinley Park 2,2026-04-19,New City,1,771.6
McKinley Park 2,2026-04-21,Mckinley Park,1,639.5
McKinley Park 2,2026-04-21,New City,1,766.0
McKinley Park 2,2026-05-04,Mckinley Park,1,413.3
McKinley Park 2,2026-05-06,Mckinley Park,2,413.0
McKinley Park 2,2026-05-08,Mckinley Park,2,500.8
McKinley Park 2,2026-05-08,New City,1,815.1
McKinley Park 2,2026-05-12,New City,1,815.1
McKinley Park 2,2026-05-15,Mckinley Park,1,544.4
McKinley Park 2,2026-05-17,Mckinley Park,1,468.4
McKinley Park 2,2026-05-18,Mckinley Park,5,418.82
McKinley Park 2,2026-05-29,Mckinley Park,2,593.4000000000001
McKinley Park 2,2026-06-04,New City,1,815.1
McKinley Park 2,2026-06-05,Mckinley Park,2,414.45
McKinley Park 2,2026-06-05,New City,3,815.1
McKinley Park 2,2026-06-08,Mckinley Park,1,240.9
McKinley Park 2,2026-06-10,New City,1,815.1
McKinley Park 2,2026-06-11,Mckinley Park,1,639.5
McKinley Park 2,2026-06-12,Mckinley Park,1,407.2
McKinley Park 2,2026-06-15,Mckinley Park,2,390.7
McKinley Park 2,2026-06-24,Mckinley Park,1,316.6
McKinley Park 2,2026-06-29,New City,1,815.1
McKinley Park 2,2026-07-13,New City,1,815.1
McKinley Park 2,2026-07-16,New City,1,815.1
McKinley Park 2,2026-07-22,Mckinley Park,1,432.8
McKinley Park 2,2026-08-05,New City,1,815.1
McKinley Park 2,2026-08-07,Mckinley Park,2,378.3
McKinley Park 2,2026-08-10,New City,2,756.85
Montclare 1,2025-10-07,Dunning,1,948.6
Montclare 1,2025-10-09,Dunning,1,1094.5
Montclare 1,2026-06-03,Dunning,1,1094.5
Montclare 1,2026-07-07,Montclare,1,367.6
Montclare 2,2025-09-22,Galewood,1,1395.8
Montclare 2,2025-09-28,Belmont Cragin,1,1148.0
Morgan Park 1,2026-01-09,Morgan Park,1,425.8
Morgan Park 1,2026-03-03,Morgan Park,1,781.4
Morgan Park 1,2026-04-21,Morgan Park,2,409.9
Morgan Park 1,2026-05-14,Morgan Park,1,409.9
Morgan Park 1,2026-07-29,Morgan Park,1,1138.7
Morgan Park 2,2026-05-24,Morgan Park,1,650.5
Mount Greenwood 2,2025-10-27,Mount Greenwood,1,1134.8
Mount Greenwood 2,2026-01-09,Mount Greenwood,1,524.4
Mount Greenwood 2,2026-03-06,Mount Greenwood,1,478.9
Near North Side 1,2025-10-20,River North,1,89.6
Near North Side 1,2026-01-16,River North,1,565.2
Near North Side 1,2026-01-26,River North,2,560.3
Near North Side 1,2026-03-03,River North,4,548.55
Near North Side 1,2026-07-07,Lincoln Park,1,629.8
Near North Side 2,2025-09-12,Gold Coast,1,878.5
Near North Side 2,2025-09-24,Gold Coast,1,878.5
Near North Side 2,2025-09-25,Gold Coast,1,990.1
Near North Side 2,2025-10-14,Old Town,1,621.1
Near North Side 2,2025-10-27,Old Town,1,487.5
Near North Side 2,2025-12-05,Old Town,1,510.1
Near North Side 2,2025-12-11,Old Town,1,375.9
Near North Side 2,2026-01-02,Gold Coast,1,990.1
Near North Side 2,2026-01-07,Old Town,2,401.6
Near North Side 2,2026-01-25,Old Town,1,349.9
Near North Side 2,2026-01-30,Gold Coast,1,550.0
Near North Side 2,2026-02-06,Old Town,1,368.3
Near North Side 2,2026-03-26,Gold Coast,1,990.1
Near North Side 2,2026-05-02,Gold Coast,1,970.0
Near North Side 2,2026-06-09,Old Town,1,292.8
Near North Side 2,2026-08-12,Old Town,1,499.5
Near North Side 3,2025-09-18,Streeterville,1,625.5
Near North Side 3,2026-03-04,Rush & Division,1,761.8
Near North Side 3,2026-06-12,Gold Coast,1,819.8
Near North Side 4,2025-09-05,Rush & Division,1,656.5
Near North Side 4,2025-09-15,River North,1,573.9
Near North Side 4,2025-09-26,River North,1,737.4
Near North Side 4,2026-01-07,River North,1,53.5
Near North Side 4,2026-03-18,River North,1,345.7
Near North Side 4,2026-03-29,West Town,1,702.8
Near North Side 4,2026-06-03,West Town,1,702.8
Near North Side 4,2026-06-24,West Town,1,702.8
Near North Side 4,2026-08-17,River North,1,350.5
Near South Side 1,2025-09-29,Museum Campus,2,370.5
Near South Side 1,2025-10-16,Near South Side,1,697.0
Near South Side 1,2025-12-24,Loop,1,594.1
Near South Side 1,2026-01-15,Museum Campus,1,293.5
Near South Side 2,2025-11-11,Near South Side,1,369.5
Near South Side 2,2026-08-01,Near South Side,1,223.3
Near West Side 1,2026-06-13,Garfield Park,1,768.5
Near West Side 2,2025-09-04,United Center,1,162.6
Near West Side 2,2025-09-22,West Loop,1,445.7
Near West Side 2,2025-09-23,"Little Italy, UIC",1,426.9
Near West Side 2,2025-10-10,West Loop,1,559.0
Near West Side 2,2025-10-16,United Center,2,769.2
Near West Side 2,2026-04-24,United Center,1,697.9
Near West Side 2,2026-05-26,United Center,1,774.2
Near West Side 3,2025-09-11,West Loop,1,238.5
Near West Side 3,2025-09-19,West Loop,1,447.8
Near West Side 3,2025-10-04,Greektown,1,674.1
Near West Side 3,2025-11-17,West Loop,1,609.8
Near West Side 3,2026-04-06,West Loop,1,745.5
Near West Side 3,2026-08-06,West Loop,1,407.7
Near West Side 4,2025-09-12,Printers Row,1,951.0
Near West Side 4,2025-09-28,Near South Side,4,580.3
Near West Side 4,2025-12-04,West Loop,1,397.8
Near West Side 4,2026-01-21,Near South Side,1,421.4
Near West Side 4,2026-02-26,Printers Row,1,811.0
Near West Side 4,2026-03-27,Near South Side,1,799.0
Near West Side 4,2026-05-02,Near South Side,1,657.7
Near West Side 4,2026-05-17,Near South Side,1,880.4
Near West Side 4,2026-07-22,Near South Side,1,326.8
Near West Side 5,2026-03-27,"Little Italy, UIC",1,853.1
Near West Side 5,2026-08-10,Lower West Side,2,696.0
Near West Side 6,2026-02-18,"Little Italy, UIC",1,692.6
Near West Side 6,2026-05-20,Lower West Side,2,817.05
Near West Side 6,2026-05-25,Lower West Side,1,794.6
Near West Side 7,2025-09-03,"Little Italy, UIC",1,647.9
Near West Side 7,2025-09-26,"Little Italy, UIC",1,647.9
Near West Side 7,2025-09-27,"Little Italy, UIC",2,632.7
Near West Side 7,2025-11-21,"Little Italy, UIC",1,679.3
Near West Side 7,2026-08-07,"Little Italy, UIC",1,626.7
New City 2,2026-05-19,New City,1,757.4
New City 4,2026-02-05,New City,1,501.8
New City 4,2026-03-05,New City,1,648.7
New City 5,2026-02-12,New City,1,443.9
New City 5,2026-07-13,New City,1,684.9
New City 5,2026-07-30,New City,1,443.9
North Center 1,2025-10-17,North Center,1,606.9
North Center 1,2025-10-29,North Center,1,772.0
North Center 1,2026-01-21,North Center,2,190.2
North Center 1,2026-01-22,North Center,1,192.4
North Center 1,2026-02-26,North Center,1,389.8
North Center 1,2026-03-27,North Center,1,735.6
North Center 1,2026-07-25,North Center,1,207.8
North Lawndale 1,2025-12-03,North Lawndale,1,648.7
North Lawndale 1,2026-01-20,North Lawndale,1,395.2
North Lawndale 1,2026-06-11,North Lawndale,1,648.7
North Lawndale 3,2025-09-26,North Lawndale,1,401.8
North Lawndale 3,2026-07-28,North Lawndale,1,203.0
North Lawndale 4,2025-09-19,Little Village,1,425.9
North Lawndale 4,2025-09-27,North Lawndale,1,749.3
North Lawndale 4,2026-03-14,North Lawndale,1,614.3
North Lawndale 4,2026-04-21,North Lawndale,1,716.5
North Lawndale 4,2026-07-01,North Lawndale,1,614.3
North Lawndale 4,2026-07-22,Little Village,1,724.1
North Lawndale 5,2025-09-02,North Lawndale,1,380.4
North Lawndale 5,2025-10-17,North Lawndale,2,634.4
North Lawndale 5,2025-10-20,North Lawndale,2,610.0
North Lawndale 5,2025-11-21,North Lawndale,2,523.7
North Lawndale 5,2026-02-17,North Lawndale,1,634.4
North Lawndale 5,2026-02-18,North Lawndale,1,634.4
North Lawndale 5,2026-02-20,North Lawndale,1,634.4
North Lawndale 5,2026-03-11,North Lawndale,1,610.0
North Lawndale 5,2026-03-21,North Lawndale,1,595.2
North Lawndale 5,2026-05-21,North Lawndale,1,677.1
North Park 2,2025-12-29,Albany Park,1,527.0
North Park 2,2026-03-14,Albany Park,1,842.6
North Park 2,2026-03-16,Albany Park,1,843.7
North Park 2,2026-06-03,Albany Park,1,781.2
Norwood Park 2,2025-10-13,Norwood Park,1,1029.2
Norwood Park 4,2025-11-18,Norwood Park,1,476.4
Norwood Park 4,2025-12-10,Norwood Park,1,310.6
O'Hare 1,2026-04-11,O'Hare,1,855.9
Oakland 1,2025-10-16,Oakland,2,301.3
Oakland 1,2026-07-13,Oakland,1,293.4
Oakland 1,2026-07-14,Oakland,2,278.95
Oakland 1,2026-07-15,Oakland,1,306.5
Portage Park 1,2025-09-26,Portage Park,1,624.4
Portage Park 1,2025-10-13,Portage Park,2,206.5
Portage Park 1,2025-11-17,Portage Park,1,671.1
Portage Park 2,2026-06-29,Portage Park,1,496.3
Portage Park 2,2026-08-09,Portage Park,1,541.2
Portage Park 3,2025-10-01,Portage Park,1,618.3
Portage Park 3,2026-02-13,Irving Park,1,703.0
Portage Park 3,2026-07-09,Portage Park,1,243.0
Portage Park 3,2026-07-22,Portage Park,1,218.9
Portage Park 4,2025-10-31,Portage Park,1,209.8
Portage Park 5,2025-10-12,Portage Park,2,508.5
Pullman 2,2025-10-02,Pullman,2,675.4
Pullman 2,2026-03-05,Pullman,1,1023.0
Pullman 2,2026-06-24,South Deering,1,816.2
Pullman 3,2025-10-04,Roseland,1,908.7
Pullman 3,2026-02-19,Roseland,1,506.3
Pullman 4,2025-09-26,Pullman,1,301.0
Pullman 4,2025-12-01,Pullman,1,594.6
Pullman 4,2026-04-17,Pullman,1,469.3
Pullman 4,2026-05-08,Pullman,1,686.2
Riverdale 2,2026-03-02,Riverdale,1,748.3
Rogers Park 1,2025-09-21,Rogers Park,1,730.8
Rogers Park 1,2026-02-27,Rogers Park,1,424.1
Rogers Park 1,2026-05-13,Rogers Park,2,739.7
Rogers Park 1,2026-05-20,Rogers Park,1,754.9
Rogers Park 1,2026-07-25,Rogers Park,2,544.7
Rogers Park 2,2025-09-15,Rogers Park,1,123.2
Rogers Park 2,2025-10-25,Rogers Park,1,643.1
Rogers Park 2,2025-12-23,Rogers Park,1,739.7
Rogers Park 2,2026-02-26,Rogers Park,1,751.3
Rogers Park 2,2026-03-06,Rogers Park,1,1042.2
Rogers Park 2,2026-04-21,West Ridge,1,778.9
Rogers Park 2,2026-05-24,Edgewater,1,779.0
Rogers Park 2,2026-08-09,Rogers Park,2,1010.15
Roseland 2,2025-10-25,Roseland,1,350.0
Roseland 2,2025-11-05,Roseland,1,601.0
Roseland 2,2025-11-18,Roseland,1,602.3
Roseland 2,2025-12-05,Roseland,1,540.2
Roseland 3,2025-09-26,Roseland,1,469.3
Roseland 3,2026-06-01,Roseland,1,133.8
Roseland 4,2025-10-25,Roseland,1,743.1
Roseland 4,2026-02-13,Roseland,1,505.7
Roseland 5,2026-05-11,West Pullman,1,864.0
Roseland 6,2026-07-11,Roseland,1,84.7
Schiller Park Collocation 1,2025-10-20,O'Hare,1,2695.2
South Chicago 1,2026-05-13,South Chicago,1,347.1
South Chicago 1,2026-08-04,South Shore,1,208.4
South Chicago 1,2026-08-10,South Chicago,1,423.0
South Chicago 3,2026-06-22,South Chicago,1,640.8
South Chicago 3,2026-06-23,South Chicago,2,622.0
South Chicago 3,2026-06-24,South Chicago,1,774.5
South Chicago 3,2026-07-02,South Chicago,1,643.5
South Chicago 4,2026-07-15,South Chicago,1,675.6
South Deering 1,2026-04-17,South Deering,1,882.7
South Deering 1,2026-04-18,South Deering,1,122.8
South Deering 1,2026-06-27,South Deering,1,456.8
South Deering 1,2026-06-28,South Deering,1,719.2
South Deering 10,2026-04-17,South Deering,1,664.2
South Deering 10,2026-05-08,South Deering,1,641.1
South Deering 2,2025-09-02,South Deering,1,442.3
South Deering 2,2025-09-03,South Deering,2,278.3
South Deering 2,2025-09-04,South Deering,1,595.8
South Deering 2,2025-09-08,South Deering,2,630.7
South Deering 2,2025-09-09,South Deering,1,442.3
South Deering 2,2025-09-10,South Deering,1,442.3
South Deering 2,2025-09-15,South Deering,1,321.8
South Deering 2,2025-09-18,South Deering,1,442.3
South Deering 2,2025-09-19,South Deering,1,442.3
South Deering 2,2025-09-22,South Deering,3,410.9666666666667
South Deering 2,2025-09-23,South Deering,1,442.3
South Deering 2,2025-09-24,South Deering,1,442.3
South Deering 2,2025-09-26,South Deering,1,442.3
South Deering 2,2025-09-28,South Deering,1,595.8
South Deering 2,2025-09-30,South Deering,1,442.3
South Deering 2,2025-10-06,South Deering,2,423.55
South Deering 2,2025-10-20,South Deering,1,442.3
South Deering 2,2025-10-24,South Deering,1,442.3
South Deering 2,2025-10-28,South Deering,1,441.7
South Deering 2,2025-11-03,South Deering,1,442.3
South Deering 2,2025-11-04,South Deering,1,442.3
South Deering 2,2025-11-13,South Deering,1,485.0
South Deering 2,2025-11-14,South Deering,1,442.3
South Deering 2,2025-11-19,South Deering,1,442.3
South Deering 2,2025-11-20,South Deering,1,442.3
South Deering 2,2025-12-09,South Deering,1,442.3
South Deering 2,2025-12-15,South Deering,1,442.3
South Deering 2,2025-12-22,South Deering,2,485.8
South Deering 2,2026-01-08,South Deering,2,470.2
South Deering 2,2026-02-10,South Deering,2,626.0
South Deering 2,2026-02-13,South Deering,2,504.75
South Deering 2,2026-03-08,South Deering,1,442.3
South Deering 2,2026-03-09,South Deering,1,442.3
South Deering 2,2026-03-12,South Deering,1,442.3
South Deering 2,2026-03-17,South Deering,1,442.3
South Deering 2,2026-03-19,South Deering,1,442.3
South Deering 2,2026-03-23,South Deering,1,341.0
South Deering 2,2026-03-24,South Deering,1,442.3
South Deering 2,2026-03-25,South Deering,5,451.1
South Deering 2,2026-03-26,South Deering,3,318.26666666666665
South Deering 2,2026-03-27,South Deering,2,519.05
South Deering 2,2026-03-28,South Deering,1,404.8
South Deering 2,2026-03-30,South Deering,6,437.1166666666666
South Deering 2,2026-03-31,South Deering,1,626.0
South Deering 2,2026-04-02,South Deering,2,442.3
South Deering 2,2026-04-07,South Deering,1,442.3
South Deering 2,2026-04-08,South Deering,1,682.9
South Deering 2,2026-04-10,South Deering,1,442.3
South Deering 2,2026-04-13,South Deering,2,442.3
South Deering 2,2026-04-14,South Deering,3,403.0
South Deering 2,2026-04-15,South Deering,1,442.3
South Deering 2,2026-04-16,South Deering,1,624.6
South Deering 2,2026-04-17,South Deering,2,537.15
South Deering 2,2026-04-21,South Deering,5,430.4
South Deering 2,2026-04-23,South Deering,1,595.8
South Deering 2,2026-04-28,South Deering,2,439.85
South Deering 2,2026-05-04,South Deering,2,469.9
South Deering 2,2026-05-05,South Deering,1,442.3
South Deering 2,2026-05-06,South Deering,2,442.3
South Deering 2,2026-05-07,South Deering,1,70.2
South Deering 2,2026-05-08,South Deering,1,442.3
South Deering 2,2026-05-12,South Deering,1,442.3
South Deering 2,2026-05-14,South Deering,1,442.3
South Deering 2,2026-05-15,South Deering,1,442.3
South Deering 2,2026-05-17,South Deering,1,442.3
South Deering 2,2026-05-18,South Deering,1,442.3
South Deering 2,2026-05-25,South Deering,1,280.6
South Deering 2,2026-05-26,South Deering,3,480.96666666666664
South Deering 2,2026-05-28,South Deering,1,442.3
South Deering 2,2026-05-29,South Deering,1,606.3
South Deering 2,2026-05-30,South Deering,1,789.8
South Deering 2,2026-05-31,South Deering,1,442.3
South Deering 2,2026-06-02,South Deering,2,518.4
South Deering 2,2026-06-05,South Deering,2,442.3
South Deering 2,2026-06-08,South Deering,1,442.3
South Deering 2,2026-06-16,South Deering,2,492.45
South Deering 2,2026-06-18,South Deering,1,442.3
South Deering 2,2026-06-22,South Deering,2,519.05
South Deering 2,2026-06-23,South Deering,1,789.8
South Deering 2,2026-06-26,South Deering,1,442.3
South Deering 2,2026-07-01,South Deering,2,409.25
South Deering 2,2026-07-07,South Deering,1,595.8
South Deering 2,2026-07-08,South Deering,2,458.8
South Deering 2,2026-07-10,South Deering,1,442.3
South Deering 2,2026-07-11,South Deering,1,442.3
South Deering 2,2026-07-13,South Deering,1,442.3
South Deering 2,2026-07-14,South Deering,1,442.3
South Deering 2,2026-07-18,South Deering,1,789.8
South Deering 2,2026-07-24,South Deering,1,442.3
South Deering 2,2026-07-25,South Deering,4,519.05
South Deering 2,2026-07-30,South Deering,1,442.3
South Deering 2,2026-07-31,South Deering,1,595.8
South Deering 2,2026-08-05,South Deering,1,442.3
South Deering 2,2026-08-07,South Deering,1,753.1
South Deering 2,2026-08-10,South Deering,1,485.0
South Deering 3,2025-10-07,South Deering,2,672.0
South Deering 3,2026-03-15,South Deering,1,572.9
South Deering 3,2026-03-20,South Deering,1,654.7
South Deering 3,2026-04-14,South Deering,1,804.4
South Deering 3,2026-04-21,South Deering,1,701.5
South Deering 3,2026-04-26,South Deering,1,572.7
South Deering 3,2026-05-13,South Deering,1,825.4
South Deering 3,2026-06-26,South Deering,1,825.4
South Deering 3,2026-08-06,South Deering,1,893.2
South Deering 4,2026-04-15,South Deering,1,525.4
South Deering 6,2025-09-08,South Deering,1,799.5
South Deering 6,2025-09-09,South Deering,1,961.7
South Deering 6,2025-09-16,South Deering,1,961.7
South Deering 6,2025-09-19,South Deering,1,1315.4
South Deering 6,2025-10-03,South Deering,1,1033.9
South Deering 6,2025-10-10,South Deering,1,1033.9
South Deering 6,2025-10-17,South Deering,1,1033.9
South Deering 6,2026-03-26,South Deering,1,1033.9
South Deering 6,2026-04-15,South Deering,6,865.6
South Deering 6,2026-04-16,South Deering,4,840.05
South Deering 6,2026-04-17,South Deering,2,916.7
South Deering 6,2026-04-21,South Deering,1,799.5
South Deering 6,2026-05-03,South Deering,1,961.7
South Deering 6,2026-05-06,South Deering,1,799.5
South Deering 6,2026-06-03,South Deering,1,1033.9
South Deering 7,2026-04-17,South Deering,1,422.3
South Lawndale 1,2025-11-13,North Lawndale,1,604.2
South Lawndale 1,2025-11-22,Little Village,1,659.8
South Lawndale 1,2025-11-24,North Lawndale,1,604.2
South Lawndale 1,2025-11-25,North Lawndale,1,604.2
South Lawndale 1,2025-11-28,Little Village,1,659.8
South Lawndale 1,2025-12-04,Little Village,1,658.0
South Lawndale 1,2025-12-09,North Lawndale,1,230.3
South Lawndale 1,2025-12-15,Little Village,1,657.6
South Lawndale 1,2026-04-23,North Lawndale,1,604.2
South Lawndale 1,2026-07-18,North Lawndale,2,557.1
South Lawndale 2,2025-09-28,Little Village,1,654.9
South Lawndale 2,2025-10-03,Little Village,1,783.8
South Lawndale 2,2025-10-20,Little Village,1,783.8
South Lawndale 2,2025-10-29,Little Village,1,310.2
South Lawndale 2,2026-06-11,Little Village,1,231.9
South Lawndale 2,2026-06-23,Little Village,1,90.4
South Lawndale 2,2026-07-07,Little Village,1,358.7
South Lawndale 2,2026-07-08,Little Village,1,358.7
South Lawndale 2,2026-08-02,Little Village,1,336.6
South Lawndale 2,2026-08-11,Little Village,1,742.2
South Lawndale 3,2025-09-03,Little Village,1,453.9
South Lawndale 3,2025-09-05,Little Village,1,754.9
South Lawndale 3,2025-09-27,Little Village,2,337.5
South Lawndale 3,2025-09-28,Little Village,1,443.3
South Lawndale 3,2026-02-03,Little Village,1,565.2
South Lawndale 3,2026-02-12,Little Village,1,453.9
South Lawndale 3,2026-03-02,Little Village,2,565.2
South Lawndale 3,2026-06-06,Little Village,1,553.8
South Lawndale 3,2026-06-18,Little Village,1,708.2
South Lawndale 3,2026-07-28,Little Village,1,614.5
South Lawndale 3,2026-08-17,Little Village,1,536.0
South Lawndale 4,2026-06-12,Little Village,2,241.3
South Lawndale 6,2025-09-27,Little Village,1,826.9
South Lawndale 6,2026-03-20,Little Village,1,563.8
South Shore 1,2025-10-30,South Shore,1,421.4
South Shore 1,2025-10-31,South Shore,1,190.4
South Shore 1,2026-06-10,South Shore,1,679.7
South Shore 1,2026-07-16,South Shore,1,205.1
South Shore 2,2025-09-13,South Shore,1,586.5
South Shore 2,2025-09-14,South Shore,1,586.5
South Shore 2,2026-03-08,South Shore,1,1071.0
South Shore 2,2026-04-18,South Shore,1,564.9
South Shore 2,2026-06-17,South Shore,1,564.9
Uptown 1,2025-10-12,Andersonville,1,614.0
Uptown 1,2025-10-16,Uptown,1,488.7
Uptown 1,2025-12-16,Andersonville,1,759.4
Uptown 1,2026-01-28,Uptown,1,603.4
Uptown 1,2026-02-05,Andersonville,1,759.4
Uptown 1,2026-02-20,Andersonville,1,706.5
Uptown 1,2026-03-27,Lincoln Square,1,794.2
Uptown 1,2026-04-08,Lincoln Square,1,636.5
Uptown 1,2026-05-05,Uptown,1,578.2
Uptown 1,2026-06-19,Andersonville,1,654.9
Uptown 2,2025-09-14,Uptown,1,813.1
Uptown 2,2025-09-15,Uptown,1,145.7
Uptown 2,2025-09-19,Uptown,1,813.1
Uptown 2,2025-10-12,Uptown,1,124.7
Uptown 2,2025-10-16,Uptown,1,743.0
Uptown 2,2026-02-19,Uptown,1,433.8
Uptown 2,2026-02-26,Andersonville,1,683.1
Uptown 2,2026-02-26,Uptown,1,60.8
Uptown 2,2026-05-01,Uptown,2,797.35
Uptown 2,2026-05-17,Uptown,1,174.7
Uptown 2,2026-07-20,Uptown,1,610.6
Uptown 3,2025-10-03,Uptown,1,618.0
Uptown 3,2025-10-12,Uptown,1,618.0
Uptown 3,2025-10-16,Uptown,1,643.8
Uptown 3,2025-11-23,Uptown,1,566.2
Uptown 3,2025-11-25,Uptown,1,750.9
Uptown 3,2025-12-21,Uptown,1,618.0
Uptown 3,2026-02-09,Uptown,2,480.2
Uptown 3,2026-02-26,Uptown,2,641.8
Uptown 3,2026-03-06,Uptown,1,959.3
Uptown 3,2026-05-04,Uptown,1,815.5
Uptown 3,2026-07-12,Uptown,1,891.6
Uptown 4,2025-09-15,Uptown,1,620.6
Uptown 4,2025-10-15,Lake View,2,246.9
Uptown 4,2025-10-16,Lake View,1,447.0
Uptown 4,2025-10-16,Uptown,1,575.6
Uptown 4,2026-01-07,Lake View,1,273.7
Uptown 4,2026-02-26,Lake View,1,717.3
Uptown 4,2026-03-09,Uptown,1,438.4
Uptown 4,2026-06-04,North Center,2,567.5
Uptown 4,2026-06-08,Uptown,1,131.7
Uptown 4,2026-07-19,Uptown,1,715.1
Washington HS Collocation 1,2025-11-15,East Side,1,651.3
Washington HS Collocation 1,2025-11-18,East Side,1,81.4
Washington HS Collocation 1,2026-04-16,East Side,2,552.3499999999999
Washington HS Collocation 1,2026-04-16,Hegewisch,1,438.2
Washington HS Collocation 1,2026-04-24,East Side,1,550.9
Washington HS Collocation 1,2026-04-28,East Side,2,470.2
Washington Heights 1,2026-04-11,Washington Heights,1,503.1
Washington Heights 2,2026-02-09,Washington Heights,1,628.1
Washington Heights 2,2026-04-22,Washington Heights,1,579.3
Washington Heights 2,2026-08-04,Washington Heights,1,727.9
Washington Heights 3,2025-10-25,Roseland,1,771.8
Washington Heights 5,2026-04-17,Washington Heights,1,371.7
Washington Heights 5,2026-05-03,Beverly,1,900.6
Washington Park 1,2025-09-06,Washington Park,1,572.5
Washington Park 1,2026-05-14,Washington Park,1,812.8
West Elsdon 1,2026-01-23,West Elsdon,1,418.3
West Elsdon 2,2025-09-02,Chicago Lawn,1,827.1
West Elsdon 2,2025-10-30,West Elsdon,1,474.6
West Elsdon 2,2026-05-25,West Elsdon,1,614.7
West Englewood 1,2025-09-09,Englewood,1,321.7
West Englewood 1,2026-06-20,Englewood,1,592.2
West Englewood 2,2026-01-04,Englewood,1,555.9
West Englewood 2,2026-07-20,Englewood,1,405.7
West Englewood 2,2026-07-23,Englewood,1,196.1
West Englewood 3,2025-11-12,Englewood,1,486.6
West Englewood 3,2026-07-08,Englewood,1,747.0
West Garfield Park 1,2025-09-15,Austin,1,684.4
West Garfield Park 1,2025-09-20,Garfield Park,1,374.5
West Garfield Park 1,2026-01-23,Austin,1,480.9
West Garfield Park 1,2026-03-05,Austin,1,492.6
West Garfield Park 1,2026-03-05,Garfield Park,1,560.9
West Lawn 1,2025-09-30,West Lawn,1,455.2
West Lawn 2,2025-09-17,West Lawn,1,631.2
West Lawn 2,2025-09-28,West Lawn,1,631.2
West Lawn 2,2025-10-02,West Lawn,1,532.6
West Lawn 2,2026-03-21,West Lawn,1,438.0
West Lawn 2,2026-04-24,West Lawn,3,548.5
West Lawn 3,2025-09-17,West Lawn,1,856.0
West Lawn 4,2025-09-29,West Lawn,2,326.2
West Pullman 2,2025-11-02,West Pullman,1,511.9
West Pullman 3,2025-10-18,West Pullman,1,340.8
West Pullman 3,2026-02-19,West Pullman,1,803.7
West Pullman 3,2026-04-17,West Pullman,1,136.6
West Pullman 3,2026-06-26,West Pullman,1,459.8
West Pullman 4,2025-09-19,West Pullman,1,503.8
West Pullman 4,2025-11-10,West Pullman,1,460.5
West Pullman 4,2025-11-13,West Pullman,1,123.2
West Pullman 4,2026-07-13,West Pullman,1,220.6
West Ridge 1,2026-02-08,West Ridge,1,520.9
West Ridge 1,2026-03-05,West Ridge,1,270.9
West Ridge 2,2025-10-30,West Ridge,1,462.4
West Ridge 3,2025-11-10,West Ridge,1,712.0
West Ridge 3,2026-03-09,West Ridge,1,340.4
West Ridge 3,2026-03-10,West Ridge,1,364.8
West Ridge 3,2026-03-12,West Ridge,1,354.5
West Ridge 3,2026-05-18,West Ridge,1,829.7
West Ridge 3,2026-06-02,West Ridge,1,593.8
West Ridge 3,2026-07-16,West Ridge,1,357.4
West Ridge 4,2025-10-20,West Ridge,1,343.7
West Ridge 4,2026-06-18,West Ridge,1,733.5
West Ridge 5,2025-09-19,West Ridge,1,209.2
West Ridge 5,2025-09-30,West Ridge,2,482.6
West Ridge 5,2026-04-06,West Ridge,1,534.8
West Ridge 6,2025-09-11,West Ridge,1,720.0
West Ridge 6,2026-03-09,West Ridge,1,363.9
West Town 1,2025-09-19,Logan Square,1,1153.9
West Town 1,2025-10-01,Wicker Park,1,408.1
West Town 1,2025-10-08,Logan Square,1,739.6
West Town 1,2026-02-03,Wicker Park,1,678.3
West Town 1,2026-07-24,Wicker Park,1,469.5
West Town 1,2026-08-03,Wicker Park,1,178.0
West Town 2,2025-10-31,Wicker Park,1,548.2
West Town 2,2025-11-03,West Town,1,612.4
West Town 2,2025-11-20,Wicker Park,1,303.6
West Town 2,2025-11-21,Bucktown,1,844.0
West Town 2,2025-12-15,West Town,1,926.1
West Town 2,2026-01-11,West Town,1,451.7
West Town 2,2026-01-15,Wicker Park,1,303.6
West Town 2,2026-02-11,Bucktown,1,842.0
West Town 2,2026-02-13,Wicker Park,2,418.4
West Town 2,2026-02-26,Wicker Park,1,609.3
West Town 2,2026-03-13,West Town,1,515.6
West Town 2,2026-04-11,Wicker Park,2,717.3
West Town 2,2026-04-26,Wicker Park,1,415.8
West Town 2,2026-05-17,Wicker Park,1,667.5
West Town 2,2026-06-02,West Town,1,826.8
West Town 2,2026-06-02,Wicker Park,1,415.8
West Town 2,2026-06-03,Wicker Park,1,502.4
West Town 2,2026-06-23,West Town,1,618.0
West Town 3,2025-09-16,West Town,2,716.1
West Town 3,2025-10-22,West Town,1,216.6
West Town 3,2025-10-29,West Town,1,534.3
West Town 3,2026-02-19,West Town,1,643.7
West Town 3,2026-04-30,West Town,1,643.7
West Town 3,2026-05-15,West Town,1,566.4
West Town 3,2026-05-22,West Town,1,592.4
West Town 3,2026-05-26,West Town,1,580.4
West Town 3,2026-06-29,West Town,1,423.7
West Town 4,2025-09-26,West Town,1,374.2
West Town 4,2025-10-16,West Town,1,365.8
West Town 4,2025-11-14,East Village,1,381.5
West Town 4,2025-11-15,East Village,2,381.5
West Town 4,2025-12-09,East Village,1,727.7
West Town 4,2026-01-04,West Town,1,486.5
West Town 4,2026-02-18,Ukrainian Village,1,441.7
West Town 4,2026-02-27,West Town,1,403.4
West Town 4,2026-04-18,West Town,1,558.5
West Town 4,2026-04-23,East Village,1,237.1
West Town 4,2026-05-08,East Village,1,381.5
West Town 4,2026-05-31,East Village,1,370.2
West Town 4,2026-06-06,East Village,1,370.2
West Town 4,2026-07-11,East Village,1,370.2
West Town 5,2026-01-11,Ukrainian Village,1,769.1
West Town 5,2026-03-25,United Center,1,582.0
West Town 5,2026-04-29,Ukrainian Village,1,799.0
West Town 5,2026-08-12,United Center,2,744.6
Woodlawn 1,2025-11-10,Woodlawn,1,121.4
Woodlawn 1,2026-07-20,Woodlawn,1,579.4
