neighborhood,neighborhood_secondary,sensor_count,reading_days,pm25_mean,pm25_median,pm25_max,pm25_min,pm25_std,no2_mean,spike_days,total_complaints,complaint_days,has_sensor_coverage
Avalon Park,"AVALON PARK,CALUMET HEIGHTS",3,395,13.41,10.97,204.66,3.21,13.97,13.8,15,5,5,1
North Lawndale,NORTH LAWNDALE,5,395,12.32,10.32,209.38,3.08,13.53,17.53,23,30,29,1
New City,BACK OF THE YARDS,5,395,12.23,10.36,201.05,3.08,13.11,18.58,22,61,47,1
Little Village,LITTLE VILLAGE,6,395,11.93,10.14,203.71,3.16,12.41,16.55,22,39,33,1
Brighton Park,"BRIGHTON PARK,MCKINLEY PARK",3,395,11.75,10.2,164.28,3.22,10.57,18.66,12,28,23,1
Wicker Park,"WICKER PARK,WEST TOWN",2,395,11.69,9.68,168.76,3.51,12.09,16.49,8,18,16,1
Lower West Side,LOWER WEST SIDE,5,395,11.66,9.56,201.02,2.98,13.07,16.4,21,39,34,1
Chinatown,"ARMOUR SQUARE,CHINATOWN",1,395,11.59,9.7,194.75,3.35,13.38,14.75,4,2,2,1
West Elsdon,"ARCHER HEIGHTS,WEST ELSDON",2,390,11.58,9.67,159.76,3.58,10.44,16.51,8,8,6,1
West Lawn,WEST LAWN,4,395,11.54,9.65,180.61,2.4,11.21,18.12,21,10,7,1
Bridgeport,BRIDGEPORT,2,385,11.52,9.51,204.05,2.88,13.25,14.43,8,26,23,1
Armour Square,"ARMOUR SQUARE,CHINATOWN",2,395,11.43,9.48,216.81,2.95,13.3,16.27,8,1,1,1
Roseland,"WASHINGTON HEIGHTS,ROSELAND",6,395,11.43,9.74,171.38,3.16,10.67,14.58,27,15,13,1
Albany Park,"NORTH PARK,ALBANY PARK",3,395,11.42,9.43,170.73,3.17,11.99,14.38,12,16,15,1
Mckinley Park,"BRIGHTON PARK,MCKINLEY PARK",2,395,11.4,9.62,189.79,3.1,11.89,16.59,8,76,55,1
Portage Park,PORTAGE PARK,8,395,11.38,9.37,187.86,2.7,12.77,14.78,29,21,20,1
River North,RIVER NORTH,2,395,11.35,9.35,168.45,3.66,12.37,14.69,8,11,9,1
Old Town,OLD TOWN,1,330,11.34,9.06,169.14,3.66,12.8,15.78,4,15,14,1
"Little Italy, UIC","LITTLE ITALY, UIC",3,395,11.31,9.31,201.47,3.0,13.22,16.09,12,9,8,1
Humboldt Park,HUMBOLDT PARK,5,395,11.29,9.42,171.16,2.79,11.65,15.38,21,29,26,1
Rogers Park,ROGERS PARK,2,395,11.26,9.2,177.63,3.4,13.05,14.83,8,18,15,1
Logan Square,LOGAN SQUARE,3,395,11.26,9.22,171.63,2.7,11.95,15.57,12,38,32,1
Pullman,PULLMAN,3,395,11.26,9.5,205.46,2.95,11.79,13.95,11,9,9,1
Austin,AUSTIN,9,395,11.25,9.42,171.0,2.75,11.23,15.4,41,24,24,1
Irving Park,"IRVING PARK,AVONDALE",4,395,11.25,9.29,204.31,2.9,12.59,16.23,17,22,20,1
Hegewisch,SOUTHEAST SIDE,6,395,11.24,9.46,208.92,3.12,12.3,13.12,19,6,6,1
West Town,"WICKER PARK,WEST TOWN",3,395,11.22,9.47,165.25,3.01,11.45,15.48,12,26,25,1
West Loop,WEST LOOP,2,395,11.17,9.36,170.91,3.08,11.57,19.09,8,13,13,1
Grand Crossing,"SOUTH SHORE, GRAND CROSSING",6,395,11.17,9.38,176.9,3.16,11.17,15.83,23,5,4,1
Calumet Heights,"AVALON PARK,CALUMET HEIGHTS",3,395,11.17,9.35,204.67,2.97,12.95,13.38,11,6,4,1
South Chicago,SOUTH CHICAGO,4,395,11.16,9.31,198.47,3.1,12.75,16.03,15,15,13,1
Bucktown,BUCKTOWN,1,389,11.14,9.27,163.82,3.44,11.77,15.35,4,8,8,1
West Pullman,WEST PULLMAN,5,395,11.1,9.36,201.74,2.93,11.93,15.1,23,11,11,1
Montclare,"MONTCLARE, GALEWOOD",2,395,11.07,9.28,187.37,3.15,11.41,16.12,8,1,1,1
Kenwood,"KENWOOD,OAKLAND",1,385,11.01,9.01,168.92,3.63,11.92,12.78,4,5,5,1
Gage Park,"MARQUETTE PARK,GAGE PARK",4,395,11.0,9.25,167.15,2.66,10.41,17.37,15,14,10,1
Loop,LOOP,1,185,10.99,8.48,161.67,3.86,15.22,17.75,4,16,16,1
Garfield Park,GARFIELD PARK,3,395,10.98,9.27,167.07,2.89,11.19,14.57,12,16,15,1
Belmont Cragin,"BELMONT CRAGIN,HERMOSA",4,395,10.96,9.19,171.69,2.91,11.57,15.58,15,25,23,1
Ashburn,ASHBURN,8,395,10.94,9.09,176.31,2.77,10.93,14.69,35,10,10,1
Archer Heights,"ARCHER HEIGHTS,WEST ELSDON",4,395,10.92,9.15,171.77,2.3,10.84,17.18,17,13,11,1
Garfield Ridge,MIDWAY AIRPORT,4,395,10.91,9.3,159.06,2.92,10.12,16.19,18,18,16,1
Englewood,ENGLEWOOD,9,395,10.89,9.18,174.14,2.83,11.01,15.83,37,18,17,1
Dunning,DUNNING,4,395,10.89,9.05,178.36,2.67,11.73,15.66,15,10,8,1
Woodlawn,WOODLAWN,1,389,10.89,9.15,157.35,3.6,10.88,13.51,4,6,6,1
Jefferson Park,JEFFERSON PARK,3,395,10.89,8.8,170.14,2.97,11.78,13.07,11,5,5,1
Clearing,MIDWAY AIRPORT,3,395,10.88,9.01,164.19,3.1,10.32,15.36,13,4,3,1
Auburn Gresham,AUBURN GRESHAM,5,395,10.87,9.2,170.1,2.92,10.5,14.55,20,9,8,1
South Shore,"SOUTH SHORE, GRAND CROSSING",2,395,10.86,9.12,172.18,3.12,11.4,14.08,7,13,13,1
Washington Heights,"WASHINGTON HEIGHTS,ROSELAND",5,395,10.85,9.23,159.97,2.86,10.29,15.19,19,5,5,1
Mount Greenwood,"MOUNT GREENWOOD,MORGAN PARK",2,395,10.83,9.0,163.11,1.69,10.54,14.11,9,3,3,1
Chatham,"CHATHAM,BURNSIDE",3,395,10.79,9.04,170.03,3.14,10.92,14.63,10,18,17,1
Chicago Lawn,"MARQUETTE PARK,GAGE PARK",4,395,10.77,9.07,163.54,3.11,10.57,15.97,18,17,12,1
South Deering,SOUTHEAST SIDE,11,395,10.77,9.22,210.48,2.06,11.21,14.64,31,235,134,1
Norwood Park,NORWOOD PARK,6,395,10.74,8.91,218.69,2.46,12.3,15.76,24,6,6,1
Lake View,LAKE VIEW,5,395,10.74,8.74,185.88,2.63,12.48,14.59,20,29,24,1
Edgewater,EDGEWATER,2,395,10.72,8.62,179.63,3.03,13.04,14.61,7,33,27,1
East Side,SOUTHEAST SIDE,7,395,10.68,8.83,199.16,2.55,11.46,14.92,23,42,33,1
United Center,UNITED CENTER,2,395,10.64,8.83,164.47,2.91,11.18,14.51,8,7,6,1
Grand Boulevard,BRONZEVILLE,2,395,10.63,8.89,179.04,2.99,11.0,15.79,7,5,5,1
O'Hare,OHARE,6,395,10.56,8.58,202.9,2.72,12.08,16.11,20,2,2,1
Fuller Park,BACK OF THE YARDS,1,380,10.55,8.44,181.03,3.13,12.47,15.78,3,1,1,1
Grant Park,GRANT PARK,1,380,10.49,8.3,175.78,3.22,12.45,15.8,4,1,1,1
Oakland,"OAKLAND,KENWOOD",1,381,10.49,8.48,139.33,2.94,10.18,14.11,4,6,5,1
Streeterville,STREETERVILLE,1,377,10.44,8.38,178.41,3.02,12.85,15.77,4,2,2,1
"Sauganash,Forest Glen","SAUGANASH,FOREST GLEN",3,395,10.42,8.68,172.35,2.56,11.87,15.3,10,6,5,1
Douglas,BRONZEVILLE,2,395,10.39,8.68,185.83,2.81,11.93,13.98,7,3,3,1
Avondale,"IRVING PARK,AVONDALE",2,395,10.35,8.5,168.53,2.75,11.46,15.56,7,22,14,1
Lincoln Square,LINCOLN SQUARE,2,395,10.3,8.44,231.28,2.61,12.97,13.49,6,22,22,1
Morgan Park,"MOUNT GREENWOOD,MORGAN PARK",3,387,10.3,8.43,177.09,2.78,10.32,15.35,12,8,7,1
West Ridge,WEST RIDGE,6,395,10.29,8.43,279.19,2.11,12.91,13.79,21,25,23,1
Beverly,BEVERLY,5,395,10.28,8.66,169.84,2.75,9.44,13.64,16,18,15,1
Museum Campus,MUSEUM CAMPUS,1,395,10.18,8.54,172.94,3.11,11.96,14.22,3,3,2,1
North Park,"NORTH PARK,ALBANY PARK",3,395,10.17,8.54,180.23,2.45,10.63,14.37,8,2,2,1
North Center,NORTH CENTER,1,385,10.14,8.31,161.0,2.7,11.41,16.09,4,22,18,1
Edison Park,EDISON PARK,2,395,10.1,8.05,186.88,3.12,11.01,13.09,6,7,6,1
Uptown,UPTOWN,4,395,9.98,7.98,178.48,3.2,11.31,14.38,13,33,24,1
Hermosa,"BELMONT CRAIGIN,HERMOSA",2,395,9.96,8.29,175.77,2.75,10.1,15.14,6,11,11,1
Jackson Park,JACKSON PARK,2,395,9.96,8.27,172.58,2.78,10.68,13.51,6,1,1,1
Riverdale,RIVERDALE,3,395,9.58,7.42,192.42,2.68,10.38,14.98,8,1,1,1
Hyde Park,HYDE PARK,3,395,9.56,7.84,162.63,2.78,10.8,13.45,8,8,7,1
Washington Park,WASHINGTON PARK,1,381,9.53,7.89,166.83,2.4,11.21,15.33,2,2,2,1
Lincoln Park,LINCOLN PARK,2,395,9.39,7.56,166.23,2.5,10.52,14.57,4,16,16,1
Near South Side,NEAR SOUTH SIDE,1,395,9.2,7.39,119.48,2.7,8.43,19.53,4,12,11,1
Printers Row,PRINTERS ROW,0,0,,,,,,,0,2,2,0
Sheffield & DePaul,SHEFFIELD & DEPAUL,0,0,,,,,,,0,4,4,0
Burnside,"CHATHAM,BURNSIDE",0,0,,,,,,,0,1,1,0
Greektown,GREEKTOWN,0,0,,,,,,,0,1,1,0
Magnificent Mile,STREETERVILLE,0,0,,,,,,,0,0,0,0
Andersonville,ANDERSONVILLE,0,0,,,,,,,0,6,6,0
Rush & Division,RUSH & DIVISION,0,0,,,,,,,0,2,2,0
Millenium Park,MILLENIUM PARK,0,0,,,,,,,0,1,1,0
Wrigleyville,WRIGLEYVILLE,0,0,,,,,,,0,5,5,0
East Village,UKRAINIAN VILLAGE AND EAST VILLAGE,0,0,,,,,,,0,9,9,0
Ukrainian Village,UKRAINIAN VILLAGE AND EAST VILLAGE,0,0,,,,,,,0,5,5,0
Galewood,"MONTCLARE, GALEWOOD",0,0,,,,,,,0,3,3,0
Gold Coast,GOLD COAST,0,0,,,,,,,0,8,8,0
Boystown,BOYSTOWN,0,0,,,,,,,0,2,1,0
